paperId,authorId,weight
1,1,1
2,2,0.6666666667
2,3,0.3333333333
3,4,0.5
3,5,0.3333333333
3,6,0.1666666667
4,7,1
5,8,1
6,9,0.6666666667
6,10,0.3333333333
7,11,1
8,12,1
9,13,1
10,11,1
11,14,1
12,15,1
13,16,1
14,17,1
15,18,1
16,19,0.6666666667
16,20,0.3333333333
17,21,1
18,22,1
19,23,1
20,24,1
21,25,1
22,26,0.2857142857
22,27,0.2380952381
22,28,0.1904761905
22,29,0.1428571429
22,30,0.0952380952
22,31,0.0476190476
23,32,1
24,33,1
25,34,0.6666666667
25,32,0.3333333333
26,35,0.6666666667
26,36,0.3333333333
27,37,0.4
27,38,0.3
27,39,0.2
27,40,0.1
28,41,0.6666666667
28,42,0.3333333333
29,43,0.5
29,44,0.3333333333
29,45,0.1666666667
30,46,1
31,47,1
32,48,0.6666666667
32,45,0.3333333333
33,49,0.5
33,50,0.3333333333
33,51,0.1666666667
34,52,1
35,53,0.3333333333
35,39,0.2666666667
35,54,0.2
35,55,0.1333333333
35,56,0.0666666667
36,57,1
37,43,0.5
37,58,0.3333333333
37,45,0.1666666667
38,52,1
39,59,1
40,60,0.6666666667
40,61,0.3333333333
41,62,0.5
41,63,0.3333333333
41,64,0.1666666667
42,65,0.5
42,66,0.3333333333
42,67,0.1666666667
43,68,1
44,69,1
45,70,0.5
45,71,0.3333333333
45,72,0.1666666667
46,73,0.6666666667
46,74,0.3333333333
47,75,0.6666666667
47,76,0.3333333333
48,77,1
49,78,0.5
49,79,0.3333333333
49,80,0.1666666667
50,52,1
51,81,0.6666666667
51,82,0.3333333333
52,78,0.3333333333
52,79,0.2666666667
52,83,0.2
52,84,0.1333333333
52,80,0.0666666667
53,85,1
54,86,1
55,87,1
56,88,0.5
56,89,0.3333333333
56,90,0.1666666667
57,91,0.4
57,92,0.3
57,93,0.2
57,94,0.1
58,95,0.4
58,96,0.3
58,68,0.2
58,53,0.1
59,97,0.6666666667
59,98,0.3333333333
60,99,1
61,88,1
62,100,0.3333333333
62,101,0.2666666667
62,102,0.2
62,103,0.1333333333
62,104,0.0666666667
63,70,0.6666666667
63,71,0.3333333333
64,100,0.2857142857
64,101,0.2380952381
64,102,0.1904761905
64,105,0.1428571429
64,103,0.0952380952
64,104,0.0476190476
65,106,0.5
65,107,0.3333333333
65,108,0.1666666667
66,109,1
67,99,1
68,110,1
69,111,0.5
69,112,0.3333333333
69,113,0.1666666667
70,100,0.2857142857
70,102,0.2380952381
70,101,0.1904761905
70,105,0.1428571429
70,103,0.0952380952
70,104,0.0476190476
71,114,0.6666666667
71,115,0.3333333333
72,79,0.4
72,78,0.3
72,84,0.2
72,80,0.1
73,114,0.6666666667
73,115,0.3333333333
74,116,1
75,114,0.6666666667
75,115,0.3333333333
76,114,0.6666666667
76,115,0.3333333333
77,114,0.6666666667
77,115,0.3333333333
78,114,0.6666666667
78,115,0.3333333333
79,117,0.6666666667
79,118,0.3333333333
80,114,0.6666666667
80,115,0.3333333333
81,117,0.6666666667
81,118,0.3333333333
82,119,0.6666666667
82,120,0.3333333333
83,121,0.6666666667
83,122,0.3333333333
84,100,0.3333333333
84,101,0.2666666667
84,102,0.2
84,103,0.1333333333
84,104,0.0666666667
85,123,0.6666666667
85,115,0.3333333333
86,124,0.5
86,99,0.3333333333
86,117,0.1666666667
87,125,0.5
87,39,0.3333333333
87,126,0.1666666667
88,127,0.5
88,128,0.3333333333
88,129,0.1666666667
89,130,1
90,52,1
91,120,0.5
91,131,0.3333333333
91,132,0.1666666667
92,133,1
93,134,1
94,135,1
95,136,0.5
95,137,0.3333333333
95,138,0.1666666667
96,139,1
97,140,1
98,141,0.6666666667
98,142,0.3333333333
99,143,0.6666666667
99,144,0.3333333333
100,114,0.6666666667
100,115,0.3333333333
101,145,0.4
101,146,0.3
101,147,0.2
101,148,0.1
102,149,0.6666666667
102,150,0.3333333333
103,100,0.25
103,102,0.2142857143
103,101,0.1785714286
103,105,0.1428571429
103,151,0.1071428571
103,103,0.0714285714
103,104,0.0357142857
104,152,0.5
104,78,0.3333333333
104,80,0.1666666667
105,85,0.6666666667
105,153,0.3333333333
106,52,0.6666666667
106,154,0.3333333333
107,155,0.5
107,107,0.3333333333
107,108,0.1666666667
108,114,0.6666666667
108,115,0.3333333333
109,121,0.6666666667
109,122,0.3333333333
110,156,1
111,157,0.6666666667
111,147,0.3333333333
112,119,0.6666666667
112,120,0.3333333333
113,158,0.6666666667
113,159,0.3333333333
114,149,0.6666666667
114,150,0.3333333333
115,114,1
116,160,1
117,119,0.6666666667
117,120,0.3333333333
118,114,0.6666666667
118,115,0.3333333333
119,161,0.3333333333
119,162,0.2666666667
119,163,0.2
119,164,0.1333333333
119,165,0.0666666667
120,166,1
121,121,0.6666666667
121,122,0.3333333333
122,167,1
123,168,0.4
123,169,0.3
123,170,0.2
123,171,0.1
124,149,0.6666666667
124,99,0.3333333333
125,119,0.6666666667
125,120,0.3333333333
126,100,0.3333333333
126,102,0.2666666667
126,101,0.2
126,103,0.1333333333
126,104,0.0666666667
127,149,0.6666666667
127,150,0.3333333333
128,172,1
129,135,0.6666666667
129,173,0.3333333333
130,149,0.6666666667
130,99,0.3333333333
131,119,0.5
131,174,0.3333333333
131,120,0.1666666667
132,135,0.6666666667
132,173,0.3333333333
133,175,0.6666666667
133,176,0.3333333333
134,177,0.6666666667
134,178,0.3333333333
135,119,0.6666666667
135,120,0.3333333333
136,179,1
137,180,0.5
137,181,0.3333333333
137,182,0.1666666667
138,183,0.6666666667
138,184,0.3333333333
139,149,0.6666666667
139,99,0.3333333333
140,102,0.5
140,100,0.3333333333
140,34,0.1666666667
141,149,0.6666666667
141,99,0.3333333333
142,185,0.5
142,186,0.3333333333
142,187,0.1666666667
143,143,0.5
143,188,0.3333333333
143,144,0.1666666667
144,189,1
145,190,1
146,135,1
147,124,0.5
147,99,0.3333333333
147,117,0.1666666667
148,52,1
149,180,0.5
149,181,0.3333333333
149,182,0.1666666667
150,191,0.6666666667
150,192,0.3333333333
151,100,0.3333333333
151,101,0.2666666667
151,102,0.2
151,103,0.1333333333
151,104,0.0666666667
152,193,0.5
152,161,0.3333333333
152,162,0.1666666667
153,193,0.5
153,161,0.3333333333
153,162,0.1666666667
154,121,0.5
154,122,0.3333333333
154,194,0.1666666667
155,121,0.6666666667
155,122,0.3333333333
156,195,0.6666666667
156,196,0.3333333333
157,119,0.6666666667
157,120,0.3333333333
158,121,0.6666666667
158,122,0.3333333333
159,121,0.6666666667
159,122,0.3333333333
160,197,0.5
160,198,0.3333333333
160,199,0.1666666667
161,122,1
162,121,1
163,100,0.3333333333
163,102,0.2666666667
163,101,0.2
163,103,0.1333333333
163,104,0.0666666667
164,200,0.5
164,201,0.3333333333
164,202,0.1666666667
165,203,0.6666666667
165,204,0.3333333333
166,205,1
167,100,0.5
167,102,0.3333333333
167,206,0.1666666667
168,207,0.6666666667
168,181,0.3333333333
169,121,0.6666666667
169,122,0.3333333333
170,208,0.5
170,209,0.3333333333
170,210,0.1666666667
171,211,1
172,212,0.6666666667
172,213,0.3333333333
173,214,0.3333333333
173,215,0.2666666667
173,216,0.2
173,107,0.1333333333
173,217,0.0666666667
174,119,0.6666666667
174,120,0.3333333333
175,218,0.4
175,219,0.3
175,220,0.2
175,221,0.1
176,222,0.4
176,223,0.3
176,224,0.2
176,38,0.1
177,190,1
178,217,0.6666666667
178,216,0.3333333333
179,223,0.4
179,225,0.3
179,224,0.2
179,38,0.1
180,226,1
181,227,0.6666666667
181,181,0.3333333333
182,217,0.6666666667
182,216,0.3333333333
183,149,0.6666666667
183,99,0.3333333333
184,185,0.4
184,187,0.3
184,228,0.2
184,186,0.1
185,229,0.6666666667
185,230,0.3333333333
186,231,0.6666666667
186,144,0.3333333333
188,232,1
189,135,0.6666666667
189,233,0.3333333333
190,135,0.6666666667
190,233,0.3333333333
191,217,0.6666666667
191,216,0.3333333333
192,234,1
193,235,1
194,133,0.5
194,236,0.3333333333
194,237,0.1666666667
195,238,1
196,239,1
197,123,0.6666666667
197,115,0.3333333333
199,240,1
200,151,1
201,241,0.5
201,242,0.3333333333
201,243,0.1666666667
202,244,0.5
202,223,0.3333333333
202,38,0.1666666667
203,245,1
204,119,0.6666666667
204,120,0.3333333333
205,114,0.6666666667
205,246,0.3333333333
206,247,0.4
206,248,0.3
206,249,0.2
206,250,0.1
207,199,0.4
207,251,0.3
207,252,0.2
207,253,0.1
208,254,0.4
208,255,0.3
208,256,0.2
208,257,0.1
209,223,0.4
209,244,0.3
209,224,0.2
209,38,0.1
210,114,1
211,258,1
212,100,0.5
212,259,0.3333333333
212,102,0.1666666667
213,119,0.5
213,120,0.3333333333
213,99,0.1666666667
214,260,0.6666666667
214,261,0.3333333333
215,119,0.6666666667
215,120,0.3333333333
216,262,1
217,263,0.5
217,264,0.3333333333
217,188,0.1666666667
218,265,1
219,266,1
220,267,0.5
220,212,0.3333333333
220,213,0.1666666667
221,268,1
222,269,0.4
222,270,0.3
222,271,0.2
222,272,0.1
223,273,1
224,52,1
225,123,0.6666666667
225,115,0.3333333333
226,121,0.6666666667
226,122,0.3333333333
227,274,1
228,275,0.5
228,276,0.3333333333
228,277,0.1666666667
229,244,0.4
229,223,0.3
229,224,0.2
229,38,0.1
230,122,1
231,119,1
232,226,1
233,278,0.6666666667
233,250,0.3333333333
234,174,0.6666666667
234,120,0.3333333333
235,208,0.6666666667
235,279,0.3333333333
236,280,1
237,121,0.6666666667
237,122,0.3333333333
238,281,0.6666666667
238,238,0.3333333333
239,119,0.6666666667
239,120,0.3333333333
240,282,0.4
240,283,0.3
240,284,0.2
240,285,0.1
241,166,1
242,286,0.6666666667
242,287,0.3333333333
243,119,0.6666666667
243,120,0.3333333333
244,160,1
245,288,0.4
245,134,0.3
245,289,0.2
245,290,0.1
246,208,0.6666666667
246,279,0.3333333333
247,100,0.5
247,206,0.3333333333
247,102,0.1666666667
249,151,1
250,291,0.6666666667
250,292,0.3333333333
251,114,1
252,293,0.5
252,121,0.3333333333
252,122,0.1666666667
253,121,0.6666666667
253,122,0.3333333333
254,294,0.4
254,295,0.3
254,171,0.2
254,296,0.1
255,297,0.4
255,298,0.3
255,299,0.2
255,100,0.1
256,300,0.5
256,301,0.3333333333
256,302,0.1666666667
257,303,0.6666666667
257,304,0.3333333333
259,305,0.6666666667
259,250,0.3333333333
260,278,1
261,306,1
262,307,1
263,223,0.5
263,222,0.3333333333
263,38,0.1666666667
264,308,0.6666666667
264,309,0.3333333333
265,114,1
266,310,1
267,311,0.5
267,312,0.3333333333
267,313,0.1666666667
268,217,0.6666666667
268,216,0.3333333333
269,119,1
270,314,0.6666666667
270,121,0.3333333333
271,114,1
272,263,0.5
272,264,0.3333333333
272,188,0.1666666667
273,315,0.6666666667
273,316,0.3333333333
274,317,0.6666666667
274,318,0.3333333333
275,319,0.5
275,320,0.3333333333
275,321,0.1666666667
276,322,1
277,323,1
278,324,1
279,325,1
280,326,1
281,327,1
282,114,1
283,328,0.5
283,329,0.3333333333
283,330,0.1666666667
284,226,0.6666666667
284,331,0.3333333333
285,260,0.6666666667
285,261,0.3333333333
286,180,0.6666666667
286,181,0.3333333333
287,317,0.6666666667
287,318,0.3333333333
288,332,1
289,333,0.6666666667
289,334,0.3333333333
290,335,0.5
290,121,0.3333333333
290,122,0.1666666667
291,336,1
292,123,0.6666666667
292,115,0.3333333333
293,337,1
294,338,1
295,339,1
296,114,1
297,340,0.4
297,341,0.3
297,342,0.2
297,343,0.1
298,344,0.5
298,345,0.3333333333
298,346,0.1666666667
299,226,1
300,347,1
301,339,1
302,177,0.4
302,348,0.3
302,178,0.2
302,210,0.1
303,319,0.5
303,321,0.3333333333
303,349,0.1666666667
304,350,1
305,314,0.6666666667
305,121,0.3333333333
306,302,0.4
306,297,0.3
306,103,0.2
306,100,0.1
307,351,0.5
307,352,0.3333333333
307,353,0.1666666667
308,123,0.6666666667
308,115,0.3333333333
309,354,0.5
309,121,0.3333333333
309,122,0.1666666667
310,121,0.5
310,355,0.3333333333
310,356,0.1666666667
311,218,0.4
311,219,0.3
311,220,0.2
311,221,0.1
312,357,1
313,358,0.6666666667
313,359,0.3333333333
314,360,1
315,361,0.3333333333
315,362,0.2666666667
315,181,0.2
315,363,0.1333333333
315,364,0.0666666667
316,365,0.5
316,366,0.3333333333
316,367,0.1666666667
317,339,1
318,368,0.5
318,369,0.3333333333
318,370,0.1666666667
319,359,0.6666666667
319,358,0.3333333333
320,133,1
321,371,0.4
321,372,0.3
321,373,0.2
321,374,0.1
322,375,0.5
322,376,0.3333333333
322,114,0.1666666667
323,377,0.6666666667
323,378,0.3333333333
324,379,0.6666666667
324,380,0.3333333333
325,226,1
326,381,0.6666666667
326,382,0.3333333333
327,379,0.6666666667
327,380,0.3333333333
328,379,0.6666666667
328,380,0.3333333333
329,379,0.6666666667
329,380,0.3333333333
330,383,1
331,384,0.5
331,223,0.3333333333
331,38,0.1666666667
332,310,1
333,322,0.5
333,331,0.3333333333
333,226,0.1666666667
334,119,0.6666666667
334,385,0.3333333333
335,319,0.6666666667
335,321,0.3333333333
337,386,1
338,317,0.5
338,318,0.3333333333
338,387,0.1666666667
339,119,0.6666666667
339,388,0.3333333333
340,389,0.6666666667
340,390,0.3333333333
341,391,0.6666666667
341,392,0.3333333333
342,393,1
343,348,1
344,394,1
345,395,0.4
345,396,0.3
345,397,0.2
345,20,0.1
346,278,0.6666666667
346,250,0.3333333333
347,398,0.3333333333
347,399,0.2666666667
347,400,0.2
347,401,0.1333333333
347,63,0.0666666667
348,402,1
349,293,1
350,403,0.6666666667
350,404,0.3333333333
351,405,0.6666666667
351,213,0.3333333333
352,406,0.6666666667
352,407,0.3333333333
353,114,0.6666666667
353,226,0.3333333333
354,408,0.4
354,409,0.3
354,410,0.2
354,411,0.1
355,412,1
356,408,0.5
356,409,0.3333333333
356,411,0.1666666667
357,413,0.5
357,414,0.3333333333
357,415,0.1666666667
358,135,0.3333333333
358,416,0.2666666667
358,417,0.2
358,418,0.1333333333
358,419,0.0666666667
359,420,0.5
359,421,0.3333333333
359,422,0.1666666667
360,423,1
361,226,0.6666666667
361,114,0.3333333333
362,398,0.6666666667
362,63,0.3333333333
363,424,1
364,293,0.5
364,121,0.3333333333
364,122,0.1666666667
365,425,0.3333333333
365,426,0.2666666667
365,427,0.2
365,428,0.1333333333
365,429,0.0666666667
366,430,1
367,431,1
368,348,1
369,177,1
370,114,0.6666666667
370,226,0.3333333333
371,119,0.6666666667
371,388,0.3333333333
373,432,1
374,120,0.5
374,274,0.3333333333
374,433,0.1666666667
375,35,0.2857142857
375,434,0.2380952381
375,435,0.1904761905
375,436,0.1428571429
375,437,0.0952380952
375,438,0.0476190476
376,439,1
377,440,0.6666666667
377,441,0.3333333333
378,114,0.6666666667
378,226,0.3333333333
379,379,0.6666666667
379,380,0.3333333333
380,114,0.6666666667
380,226,0.3333333333
381,325,1
382,121,0.6666666667
382,122,0.3333333333
385,442,0.5
385,443,0.3333333333
385,444,0.1666666667
386,445,0.3333333333
386,318,0.2666666667
386,387,0.2
386,446,0.1333333333
386,447,0.0666666667
387,448,0.6666666667
387,449,0.3333333333
388,431,1
389,286,0.5
389,450,0.3333333333
389,122,0.1666666667
390,451,0.4
390,123,0.3
390,115,0.2
390,452,0.1
391,226,1
392,114,0.6666666667
392,115,0.3333333333
393,119,1
394,339,1
395,119,0.3333333333
395,453,0.2666666667
395,454,0.2
395,455,0.1333333333
395,388,0.0666666667
396,456,0.4
396,457,0.3
396,458,0.2
396,459,0.1
397,384,0.5
397,223,0.3333333333
397,38,0.1666666667
398,322,0.5
398,331,0.3333333333
398,226,0.1666666667
399,114,0.5
399,120,0.3333333333
399,226,0.1666666667
400,460,1
401,461,0.5
401,249,0.3333333333
401,250,0.1666666667
402,247,0.4
402,462,0.3
402,463,0.2
402,464,0.1
403,398,0.6666666667
403,63,0.3333333333
404,465,0.2857142857
404,297,0.2380952381
404,466,0.1904761905
404,467,0.1428571429
404,468,0.0952380952
404,100,0.0476190476
405,401,0.5
405,399,0.3333333333
405,398,0.1666666667
406,266,1
407,358,0.6666666667
407,359,0.3333333333
408,178,1
409,469,1
410,121,0.6666666667
410,122,0.3333333333
411,470,0.4
411,471,0.3
411,249,0.2
411,472,0.1
412,473,0.6666666667
412,474,0.3333333333
413,475,1
414,476,0.6666666667
414,477,0.3333333333
415,114,0.6666666667
415,120,0.3333333333
416,180,0.6666666667
416,181,0.3333333333
417,347,1
418,440,0.6666666667
418,441,0.3333333333
419,478,0.5
419,479,0.3333333333
419,469,0.1666666667
420,480,1
421,351,0.5
421,352,0.3333333333
421,353,0.1666666667
422,481,0.6666666667
422,482,0.3333333333
423,442,0.5
423,443,0.3333333333
423,444,0.1666666667
425,483,1
426,475,0.6666666667
426,484,0.3333333333
427,485,0.3333333333
427,486,0.2666666667
427,487,0.2
427,249,0.1333333333
427,488,0.0666666667
428,485,0.5
428,489,0.3333333333
428,249,0.1666666667
429,114,0.5
429,226,0.3333333333
429,120,0.1666666667
430,451,0.6666666667
430,452,0.3333333333
431,490,0.6666666667
431,491,0.3333333333
432,286,1
433,440,0.6666666667
433,441,0.3333333333
434,208,0.6666666667
434,279,0.3333333333
435,492,0.5
435,493,0.3333333333
435,494,0.1666666667
436,495,0.6666666667
436,496,0.3333333333
437,497,0.5
437,498,0.3333333333
437,499,0.1666666667
438,249,1
439,500,0.5
439,251,0.3333333333
439,249,0.1666666667
440,451,0.6666666667
440,452,0.3333333333
441,119,0.3333333333
441,453,0.2666666667
441,454,0.2
441,455,0.1333333333
441,388,0.0666666667
442,501,0.6666666667
442,502,0.3333333333
443,503,0.6666666667
443,264,0.3333333333
444,348,1
445,504,0.4
445,114,0.3
445,505,0.2
445,506,0.1
446,317,0.3333333333
446,318,0.2666666667
446,507,0.2
446,446,0.1333333333
446,508,0.0666666667
447,317,0.3333333333
447,318,0.2666666667
447,507,0.2
447,446,0.1333333333
447,387,0.0666666667
448,509,1
449,348,1
450,510,1
451,511,1
452,314,1
453,469,1
454,512,0.5
454,513,0.3333333333
454,514,0.1666666667
455,515,0.6666666667
455,319,0.3333333333
456,114,0.6666666667
456,120,0.3333333333
457,286,1
458,516,1
459,517,0.6666666667
459,250,0.3333333333
460,518,0.2857142857
460,519,0.2380952381
460,520,0.1904761905
460,521,0.1428571429
460,52,0.0952380952
460,522,0.0476190476
461,523,1
462,524,1
463,525,0.5
463,526,0.3333333333
463,527,0.1666666667
464,528,1
465,529,0.6666666667
465,530,0.3333333333
466,531,1
467,440,0.6666666667
467,441,0.3333333333
468,532,0.3333333333
468,533,0.2666666667
468,534,0.2
468,535,0.1333333333
468,536,0.0666666667
469,537,0.4
469,538,0.3
469,302,0.2
469,539,0.1
470,540,0.5
470,511,0.3333333333
470,534,0.1666666667
471,451,0.6666666667
471,452,0.3333333333
472,541,0.6666666667
472,542,0.3333333333
473,123,0.6666666667
473,115,0.3333333333
474,543,0.5
474,544,0.3333333333
474,545,0.1666666667
475,546,0.4
475,251,0.3
475,547,0.2
475,488,0.1
476,548,1
477,549,0.6666666667
477,119,0.3333333333
478,440,0.6666666667
478,441,0.3333333333
479,550,0.5
479,451,0.3333333333
479,452,0.1666666667
480,551,1
481,552,0.6666666667
481,553,0.3333333333
482,451,1
483,554,0.5
483,555,0.3333333333
483,556,0.1666666667
484,557,0.6666666667
484,558,0.3333333333
485,509,1
486,559,0.3333333333
486,560,0.2666666667
486,561,0.2
486,562,0.1333333333
486,563,0.0666666667
487,199,0.4
487,564,0.3
487,565,0.2
487,566,0.1
488,567,1
489,568,0.5
489,114,0.3333333333
489,569,0.1666666667
490,570,0.3333333333
490,571,0.2666666667
490,572,0.2
490,436,0.1333333333
490,573,0.0666666667
491,574,0.5
491,575,0.3333333333
491,576,0.1666666667
492,278,1
493,440,0.6666666667
493,441,0.3333333333
494,577,0.5
494,578,0.3333333333
494,579,0.1666666667
495,580,0.6666666667
495,479,0.3333333333
496,581,1
497,582,0.4
497,583,0.3
497,584,0.2
497,585,0.1
498,586,0.6666666667
498,587,0.3333333333
499,588,0.5
499,480,0.3333333333
499,469,0.1666666667
500,589,0.6666666667
500,590,0.3333333333
501,577,0.5
501,578,0.3333333333
501,579,0.1666666667
502,123,0.6666666667
502,115,0.3333333333
503,347,1
504,454,0.2857142857
504,119,0.2380952381
504,591,0.1904761905
504,592,0.1428571429
504,50,0.0952380952
504,388,0.0476190476
505,593,0.6666666667
505,594,0.3333333333
506,528,1
507,595,0.2857142857
507,596,0.2380952381
507,597,0.1904761905
507,598,0.1428571429
507,39,0.0952380952
507,599,0.0476190476
508,600,0.6666666667
508,601,0.3333333333
509,504,0.5
509,114,0.3333333333
509,120,0.1666666667
510,119,0.6666666667
510,120,0.3333333333
511,602,0.6666666667
511,603,0.3333333333
512,604,1
513,451,0.5
513,550,0.3333333333
513,452,0.1666666667
514,605,1
515,504,0.5
515,114,0.3333333333
515,120,0.1666666667
516,114,0.6666666667
516,120,0.3333333333
517,251,0.5
517,567,0.3333333333
517,606,0.1666666667
518,462,1
519,550,0.5
519,451,0.3333333333
519,452,0.1666666667
520,607,0.6666666667
520,608,0.3333333333
521,550,0.5
521,451,0.3333333333
521,452,0.1666666667
522,609,0.5
522,119,0.3333333333
522,610,0.1666666667
523,611,1
524,612,1
525,504,0.5
525,114,0.3333333333
525,120,0.1666666667
526,613,1
527,614,0.6666666667
527,615,0.3333333333
528,613,1
529,504,0.5
529,114,0.3333333333
529,120,0.1666666667
530,337,1
531,550,0.5
531,451,0.3333333333
531,452,0.1666666667
532,616,0.4
532,79,0.3
532,617,0.2
532,80,0.1
533,618,1
534,619,0.6666666667
534,620,0.3333333333
535,621,0.5
535,622,0.3333333333
535,623,0.1666666667
536,624,1
537,550,0.5
537,451,0.3333333333
537,452,0.1666666667
538,625,0.6666666667
538,626,0.3333333333
539,627,1
540,408,0.4
540,628,0.3
540,409,0.2
540,629,0.1
541,278,0.6666666667
541,630,0.3333333333
542,631,0.6666666667
542,632,0.3333333333
543,278,0.6666666667
543,630,0.3333333333
544,633,0.5
544,634,0.3333333333
544,32,0.1666666667
545,451,0.6666666667
545,452,0.3333333333
546,226,0.6666666667
546,635,0.3333333333
547,436,0.6666666667
547,612,0.3333333333
548,636,1
549,123,0.6666666667
549,115,0.3333333333
550,123,1
551,637,0.5
551,638,0.3333333333
551,639,0.1666666667
552,640,1
553,641,0.6666666667
553,493,0.3333333333
554,528,1
555,642,0.6666666667
555,643,0.3333333333
556,644,1
557,645,0.3333333333
557,553,0.2666666667
557,646,0.2
557,348,0.1333333333
557,647,0.0666666667
558,395,0.3333333333
558,648,0.2666666667
558,649,0.2
558,650,0.1333333333
558,651,0.0666666667
560,500,1
561,489,1
562,652,0.125
562,653,0.1166666667
562,654,0.1083333333
562,655,0.1
562,656,0.0916666667
562,657,0.0833333333
562,658,0.075
562,659,0.0666666667
562,660,0.0583333333
562,661,0.05
562,662,0.0416666667
562,663,0.0333333333
562,664,0.025
562,665,0.0166666667
562,666,0.0083333333
563,667,0.4
563,668,0.3
563,669,0.2
563,670,0.1
564,605,1
565,671,1
566,475,1
567,672,0.4
567,673,0.3
567,674,0.2
567,675,0.1
568,314,0.6666666667
568,121,0.3333333333
569,451,0.6666666667
569,452,0.3333333333
570,645,0.5
570,553,0.3333333333
570,348,0.1666666667
571,676,0.3333333333
571,677,0.2666666667
571,678,0.2
571,679,0.1333333333
571,680,0.0666666667
572,681,0.6666666667
572,682,0.3333333333
573,683,1
574,480,0.6666666667
574,469,0.3333333333
575,684,1
576,605,1
577,35,0.5
577,685,0.3333333333
577,686,0.1666666667
578,687,1
579,605,1
580,688,1
581,589,0.5
581,589,0.3333333333
581,590,0.1666666667
582,469,0.6666666667
582,689,0.3333333333
583,690,1
584,691,0.5
584,114,0.3333333333
584,120,0.1666666667
585,600,0.6666666667
585,601,0.3333333333
586,550,0.6666666667
586,452,0.3333333333
587,347,0.6666666667
587,211,0.3333333333
588,391,1
589,612,1
590,645,0.3333333333
590,553,0.2666666667
590,646,0.2
590,647,0.1333333333
590,348,0.0666666667
591,692,1
592,504,0.5
592,114,0.3333333333
592,120,0.1666666667
593,693,0.2222222222
593,694,0.1944444444
593,695,0.1666666667
593,696,0.1388888889
593,697,0.1111111111
593,332,0.0833333333
593,698,0.0555555556
593,699,0.0277777778
594,421,0.5
594,286,0.3333333333
594,700,0.1666666667
595,701,0.5
595,702,0.3333333333
595,123,0.1666666667
596,703,0.3333333333
596,673,0.2666666667
596,672,0.2
596,674,0.1333333333
596,704,0.0666666667
597,531,1
598,705,0.6666666667
598,601,0.3333333333
599,500,0.6666666667
599,488,0.3333333333
600,550,0.6666666667
600,452,0.3333333333
601,612,0.6666666667
601,122,0.3333333333
602,462,1
603,706,0.6666666667
603,707,0.3333333333
604,281,0.6666666667
604,238,0.3333333333
605,208,0.6666666667
605,279,0.3333333333
606,706,0.6666666667
606,707,0.3333333333
607,238,1
608,543,0.4
608,114,0.3
608,708,0.2
608,120,0.1
609,199,0.2857142857
609,709,0.2380952381
609,710,0.1904761905
609,711,0.1428571429
609,712,0.0952380952
609,713,0.0476190476
610,714,0.3333333333
610,672,0.2666666667
610,715,0.2
610,703,0.1333333333
610,673,0.0666666667
611,716,0.4
611,717,0.3
611,718,0.2
611,719,0.1
612,720,1
613,721,0.5
613,722,0.3333333333
613,723,0.1666666667
614,724,1
615,725,1
616,726,0.6666666667
616,614,0.3333333333
617,727,0.6666666667
617,728,0.3333333333
618,504,0.5
618,114,0.3333333333
618,120,0.1666666667
619,729,0.5
619,730,0.3333333333
619,731,0.1666666667
620,732,0.6666666667
620,733,0.3333333333
621,528,1
622,608,0.6666666667
622,607,0.3333333333
623,391,1
624,734,0.5
624,735,0.3333333333
624,736,0.1666666667
625,737,0.5
625,488,0.3333333333
625,250,0.1666666667
626,733,0.6666666667
626,469,0.3333333333
627,738,0.6666666667
627,441,0.3333333333
628,739,0.6666666667
628,122,0.3333333333
629,625,0.6666666667
629,626,0.3333333333
630,391,1
631,123,1
632,740,0.2857142857
632,741,0.2380952381
632,742,0.1904761905
632,743,0.1428571429
632,744,0.0952380952
632,745,0.0476190476
633,35,0.2857142857
633,685,0.2380952381
633,434,0.1904761905
633,746,0.1428571429
633,747,0.0952380952
633,686,0.0476190476
634,683,1
635,531,1
636,748,0.6666666667
636,749,0.3333333333
637,602,0.6666666667
637,603,0.3333333333
638,504,0.5
638,114,0.3333333333
638,120,0.1666666667
639,123,1
640,737,0.6666666667
640,250,0.3333333333
641,119,1
642,750,0.6666666667
642,751,0.3333333333
643,114,0.4
643,504,0.3
643,543,0.2
643,120,0.1
644,543,0.4
644,114,0.3
644,708,0.2
644,120,0.1
645,543,0.4
645,114,0.3
645,708,0.2
645,120,0.1
646,752,0.4
646,286,0.3
646,753,0.2
646,122,0.1
647,504,0.4
647,114,0.3
647,754,0.2
647,120,0.1
648,755,1
649,706,0.6666666667
649,707,0.3333333333
650,612,1
651,500,0.4
651,251,0.3
651,547,0.2
651,488,0.1
652,451,1
653,756,0.6666666667
653,636,0.3333333333
654,683,1
655,481,0.5
655,482,0.3333333333
655,757,0.1666666667
656,608,0.6666666667
656,607,0.3333333333
657,758,1
658,759,0.5
658,760,0.3333333333
658,144,0.1666666667
659,761,0.5
659,762,0.3333333333
659,763,0.1666666667
660,764,0.2857142857
660,765,0.2380952381
660,766,0.1904761905
660,767,0.1428571429
660,748,0.0952380952
660,768,0.0476190476
661,550,0.6666666667
661,452,0.3333333333
662,605,1
663,769,0.6666666667
663,770,0.3333333333
664,199,0.6666666667
664,771,0.3333333333
665,772,0.6666666667
665,773,0.3333333333
666,421,1
667,525,0.3333333333
667,774,0.2666666667
667,527,0.2
667,775,0.1333333333
667,776,0.0666666667
668,588,1
669,612,1
670,777,0.1818181818
670,778,0.1636363636
670,779,0.1454545455
670,780,0.1272727273
670,781,0.1090909091
670,782,0.0909090909
670,783,0.0727272727
670,784,0.0545454545
670,785,0.0363636364
670,786,0.0181818182
671,787,0.4
671,155,0.3
671,788,0.2
671,107,0.1
672,114,0.25
672,789,0.2142857143
672,790,0.1785714286
672,791,0.1428571429
672,792,0.1071428571
672,793,0.0714285714
672,794,0.0357142857
673,199,0.3333333333
673,564,0.2666666667
673,795,0.2
673,566,0.1333333333
673,713,0.0666666667
674,796,0.5
674,78,0.3333333333
674,80,0.1666666667
675,481,0.6666666667
675,482,0.3333333333
676,732,0.6666666667
676,733,0.3333333333
677,797,0.5
677,756,0.3333333333
677,798,0.1666666667
678,799,1
679,123,1
680,800,0.5
680,801,0.3333333333
680,802,0.1666666667
681,803,1
682,804,0.6666666667
682,805,0.3333333333
683,543,0.3333333333
683,114,0.2666666667
683,806,0.2
683,708,0.1333333333
683,120,0.0666666667
684,123,1
685,543,0.3333333333
685,708,0.2666666667
685,806,0.2
685,114,0.1333333333
685,120,0.0666666667
