aPaperId,bPaperId
6,4
10,7
18,15
20,15
25,7
28,7
28,5
28,25
31,29
32,16
34,16
35,7
37,32
42,41
45,38
46,38
46,45
46,41
50,38
50,53
52,45
52,38
52,41
53,38
57,47
57,42
58,44
59,45
60,45
60,38
62,38
62,60
63,45
63,38
64,38
64,48
64,44
64,62
64,59
65,38
65,45
65,41
67,48
67,38
70,38
70,45
70,67
70,59
71,38
71,45
72,45
72,38
72,41
72,52
73,38
73,48
73,59
73,71
74,7
74,45
75,59
75,71
75,73
75,45
75,48
75,38
76,38
76,45
76,48
76,59
76,71
76,73
76,75
77,59
77,71
77,73
77,75
78,71
78,73
78,75
78,76
78,77
78,59
79,45
80,45
80,59
80,77
81,44
81,38
81,48
81,63
81,79
81,60
82,38
82,41
82,45
82,81
82,59
82,79
83,54
83,45
83,38
83,75
84,45
84,67
84,41
84,63
85,59
86,45
86,38
86,79
86,59
86,123
86,67
88,5
88,41
88,42
89,38
89,45
89,79
89,81
90,38
90,50
90,45
90,79
91,45
91,38
91,127
91,89
91,106
93,63
93,90
93,121
93,109
93,155
93,41
93,88
93,81
93,45
93,118
93,392
93,86
93,73
93,78
93,102
93,59
93,70
93,64
93,38
93,126
93,67
93,80
93,85
93,65
93,123
94,266
94,129
96,123
96,45
98,106
98,131
98,38
98,34
100,38
100,45
100,59
100,73
101,45
101,63
101,82
102,38
102,45
102,79
102,73
102,70
102,112
102,67
102,86
102,90
102,106
102,131
103,44
103,45
103,38
103,41
103,79
103,67
103,73
103,126
103,163
104,45
104,81
105,45
105,63
105,81
106,34
106,38
106,81
107,42
107,38
107,45
107,41
107,65
107,67
108,38
108,45
108,59
108,62
108,70
108,79
108,81
108,71
108,73
108,100
108,76
108,121
108,109
109,54
109,45
109,121
109,75
109,59
111,42
112,38
112,41
112,45
112,81
112,59
112,79
112,103
112,62
112,123
112,131
112,73
112,67
113,25
114,38
114,45
114,127
114,103
114,81
114,73
114,82
114,67
114,102
114,86
115,38
115,45
115,81
115,63
115,59
115,103
115,75
115,113
115,111
115,114
115,64
115,163
116,38
116,45
117,83
117,121
117,154
117,45
117,38
117,81
117,79
117,63
117,103
117,126
117,84
117,118
117,59
117,62
117,78
117,72
117,82
117,101
117,75
117,76
117,64
117,86
117,100
117,80
117,108
117,67
117,156
117,234
118,45
118,108
118,59
119,45
119,63
119,81
119,100
119,103
119,59
119,71
120,38
120,45
120,59
120,103
120,73
120,100
120,109
120,241
121,38
121,44
122,44
123,41
123,38
123,45
123,59
123,67
123,392
123,81
123,103
123,84
123,90
125,38
125,45
125,79
125,81
125,63
125,131
125,103
125,84
125,59
125,73
125,135
126,38
126,45
126,90
126,84
126,59
126,392
126,103
126,67
126,81
126,79
126,45
126,63
129,266
130,79
130,81
130,103
130,63
130,45
130,112
130,108
130,67
130,127
130,25
130,38
131,38
131,45
131,63
131,81
131,103
131,126
131,392
131,59
131,62
131,70
131,72
131,112
131,75
131,76
131,123
131,81
131,86
131,73
131,78
131,108
131,67
131,106
133,198
134,45
134,59
135,38
135,45
135,63
135,79
135,81
135,392
135,75
135,73
135,109
135,121
135,103
135,84
135,59
135,62
135,70
135,72
135,112
135,101
135,106
135,131
135,98
136,44
137,38
137,45
137,63
137,126
137,103
137,81
138,38
138,45
138,41
138,103
138,141
139,38
139,45
140,38
140,45
140,81
140,103
140,59
140,67
140,75
140,112
140,108
140,103
140,84
141,38
141,45
141,103
141,81
141,392
141,112
141,124
141,183
141,86
144,44
145,63
145,45
145,103
145,38
145,90
146,45
148,106
148,38
148,34
148,98
149,38
149,103
149,45
149,63
149,126
149,81
150,38
150,42
151,89
151,38
151,90
151,45
151,84
151,59
151,392
151,103
151,67
151,81
151,131
151,101
151,79
151,63
151,126
152,45
152,63
152,81
152,100
152,103
152,59
152,73
152,138
153,45
153,63
153,81
153,100
153,103
153,59
153,73
153,138
154,45
154,38
154,59
154,392
154,75
154,80
154,108
154,83
154,109
154,121
154,155
155,54
155,45
155,38
155,121
156,38
156,45
156,89
156,90
156,86
157,45
157,38
157,63
157,79
157,81
157,59
157,392
157,67
157,131
157,121
157,103
157,117
157,124
157,72
157,112
157,101
158,101
158,103
158,70
158,45
158,112
158,131
158,41
158,134
158,88
158,38
158,83
158,109
158,121
159,83
159,109
159,121
159,155
159,89
159,59
159,392
159,75
159,80
159,108
160,34
160,106
161,38
161,117
161,83
161,109
161,121
161,155
161,154
161,392
162,38
162,45
162,117
162,121
163,45
163,59
163,81
163,103
163,38
163,174
163,126
163,63
163,79
165,38
165,59
165,45
165,65
165,63
166,59
166,45
166,63
166,79
166,103
166,117
166,126
166,104
166,118
166,392
166,85
167,38
167,45
167,103
167,84
167,126
167,81
167,67
167,59
167,75
167,108
167,112
168,81
168,75
168,103
168,45
168,63
168,86
168,38
168,105
169,38
169,45
169,392
169,121
169,155
169,135
169,103
169,59
169,151
169,112
169,101
169,85
169,62
169,70
169,118
169,165
169,181
169,108
169,157
169,114
169,161
169,54
169,75
169,73
169,80
169,87
169,162
169,44
169,136
169,134
169,235
169,109
169,41
169,52
169,88
171,45
171,181
171,38
171,205
172,45
172,103
172,126
172,38
172,81
172,119
172,100
173,38
173,45
173,81
173,392
173,67
173,112
173,86
173,103
173,107
173,105
173,79
174,79
174,81
174,84
174,163
174,63
174,45
174,117
174,112
174,392
174,59
174,38
175,63
175,158
175,169
176,45
176,62
176,63
176,112
176,38
176,105
176,103
176,67
176,81
176,131
176,108
176,114
177,45
177,63
177,103
177,38
177,90
178,38
178,45
178,81
178,140
178,167
179,45
179,38
179,112
181,105
181,45
181,38
181,103
181,81
181,141
182,38
182,45
182,81
182,140
183,38
183,45
183,103
183,81
183,112
183,124
183,67
183,25
184,45
184,63
184,38
184,41
184,80
184,158
184,235
184,117
184,74
184,192
184,103
184,151
184,114
184,123
184,112
184,125
184,157
184,131
184,101
184,64
184,81
184,67
184,104
184,59
184,84
184,126
184,96
185,45
185,239
185,38
185,103
185,81
185,123
185,86
185,140
185,79
185,63
185,117
189,44
189,45
189,129
189,132
190,45
190,132
191,38
191,45
191,81
191,140
192,163
192,103
192,63
192,45
192,170
192,105
192,167
192,141
192,140
192,138
192,152
192,38
195,45
195,38
195,608
197,38
197,45
197,59
197,79
197,108
197,127
201,38
201,81
201,86
202,45
202,62
202,63
202,38
202,103
202,67
202,81
202,131
202,108
202,114
204,38
204,45
204,63
204,59
204,392
204,75
204,112
204,81
204,86
204,126
204,215
204,103
204,117
204,67
204,174
205,45
205,38
205,105
207,41
208,38
208,41
208,45
208,81
208,63
208,79
208,112
208,140
208,167
209,45
209,38
209,105
209,103
209,67
209,81
209,108
209,114
210,45
210,167
210,165
210,140
210,81
210,105
210,205
211,45
213,81
213,38
213,98
213,89
213,234
213,124
213,135
213,86
214,239
214,38
214,45
214,103
214,81
214,163
214,123
214,117
214,140
215,124
215,38
215,45
215,63
215,81
215,79
215,59
215,392
215,67
215,131
215,121
215,103
215,117
215,72
215,112
216,90
216,62
216,70
216,59
216,85
216,45
216,114
219,81
219,103
219,45
219,67
219,86
219,195
219,114
219,183
219,38
220,38
220,45
220,126
220,81
220,119
220,100
220,84
220,103
220,172
220,63
221,207
221,47
224,59
224,105
224,45
225,38
225,114
225,145
225,59
225,108
225,75
225,163
225,117
225,192
225,197
225,114
225,100
225,62
225,63
226,121
226,155
226,109
226,83
227,117
227,239
227,131
227,127
227,38
229,45
229,59
229,63
229,112
229,38
229,105
229,103
229,67
229,79
229,131
229,108
229,114
230,38
230,45
230,169
230,158
230,127
230,392
230,121
231,38
231,45
231,59
231,63
231,81
231,79
231,103
231,75
231,117
231,112
232,38
232,45
234,81
234,45
234,59
234,38
235,45
235,59
236,81
236,224
237,38
237,45
237,169
237,121
237,83
237,109
237,154
238,206
238,63
238,38
238,607
239,38
239,45
239,59
239,79
239,81
239,67
239,84
239,34
239,131
239,112
239,75
239,392
241,38
241,45
241,59
241,84
241,392
241,109
241,100
241,120
241,105
241,156
242,158
242,169
242,117
242,102
242,124
242,131
242,106
242,213
243,38
243,45
243,63
243,59
243,392
243,75
243,112
243,81
243,86
243,126
243,215
243,103
243,117
243,67
243,173
243,114
243,174
243,106
243,131
243,234
243,140
244,38
244,45
245,93
246,235
247,38
247,45
247,67
247,81
247,86
247,103
247,108
247,112
247,121
247,140
247,84
247,167
247,210
247,197
249,38
249,45
249,117
249,114
250,45
250,103
250,38
251,41
251,38
251,45
251,63
251,174
251,215
251,59
251,112
251,109
251,121
251,169
251,54
251,131
251,135
251,105
251,79
251,81
251,197
251,100
251,64
251,205
251,163
252,121
252,159
252,83
252,117
252,169
252,161
252,109
252,264
253,38
253,45
253,169
253,158
253,159
253,135
253,121
253,161
253,103
253,41
253,52
253,241
253,74
253,614
253,282
254,38
254,45
254,81
254,103
254,151
254,135
254,214
254,140
254,167
255,38
255,45
255,81
255,103
255,121
255,140
255,191
255,167
255,254
256,38
256,45
256,107
256,67
256,81
256,140
256,100
256,167
256,59
256,112
256,117
256,75
256,88
258,64
258,63
258,45
258,392
258,54
258,183
258,59
258,90
258,197
258,158
258,159
260,233
261,217
261,64
261,63
261,45
261,392
261,54
261,59
261,90
261,158
261,159
261,211
263,45
263,38
263,59
263,103
263,174
263,127
263,114
263,79
263,105
263,63
263,81
263,131
263,67
263,226
263,121
263,155
265,38
265,45
265,63
265,105
265,79
265,81
265,59
265,103
265,114
265,158
265,282
266,126
266,167
266,163
266,45
266,63
266,117
266,131
266,174
266,392
266,73
266,100
266,118
266,86
266,141
266,140
266,119
266,59
266,38
266,197
266,109
266,121
266,155
266,159
266,83
266,154
266,158
266,169
267,63
267,45
267,102
267,103
267,79
267,81
267,38
267,105
267,60
268,38
268,117
268,169
268,124
268,45
268,81
268,140
268,178
268,191
268,182
268,167
269,38
269,45
269,63
269,59
269,392
269,118
269,64
269,112
269,81
269,86
269,126
269,75
269,215
269,79
269,84
269,163
269,158
269,169
269,67
269,204
269,114
270,44
270,38
270,45
270,169
270,81
270,63
270,121
270,154
270,127
270,392
270,135
270,161
270,290
271,38
271,45
271,63
271,79
271,81
271,59
271,105
271,158
271,169
271,103
271,151
271,212
271,174
271,117
271,114
271,282
271,205
273,392
273,45
273,38
273,81
274,81
274,45
274,103
274,84
274,126
274,123
274,140
274,214
274,174
274,173
274,243
275,45
275,158
277,243
277,45
277,282
277,59
277,38
277,169
279,141
279,184
279,231
279,274
281,38
281,45
281,107
281,67
281,81
281,140
281,118
281,167
281,112
281,75
281,59
281,117
281,158
281,88
284,38
284,45
284,59
284,282
284,79
284,105
284,174
285,45
285,103
285,79
285,81
285,86
286,79
286,81
286,126
286,103
286,45
286,63
286,38
286,105
287,45
287,103
287,81
287,140
287,173
287,243
288,41
290,38
290,169
290,158
290,45
290,103
290,121
290,109
292,38
292,45
292,59
292,75
292,108
292,197
292,63
292,117
292,225
292,81
293,81
293,45
293,67
293,38
293,109
294,81
294,106
294,286
294,103
294,45
294,127
294,148
294,90
294,121
295,217
295,5
297,272
297,206
298,78
298,140
298,261
299,38
299,45
299,282
299,231
299,276
299,79
299,105
299,284
299,232
299,180
300,45
300,607
300,236
300,38
301,5
302,45
302,158
302,59
302,117
303,45
303,158
305,272
305,38
305,63
305,79
305,81
305,114
305,169
305,45
305,364
305,273
305,135
305,121
305,154
305,161
305,392
306,45
306,38
306,59
306,67
306,117
306,73
306,158
306,103
306,140
306,123
306,126
307,38
307,45
307,100
307,141
307,151
308,127
308,60
308,117
308,225
308,59
308,45
308,63
309,45
309,117
309,174
309,392
309,38
309,121
309,158
309,159
309,273
309,169
310,237
310,226
311,63
311,158
311,169
312,261
312,38
312,282
312,117
312,127
312,169
312,253
313,38
313,45
313,282
313,231
313,103
313,167
313,59
313,72
316,38
316,45
316,59
316,79
316,81
316,103
316,117
317,38
317,45
317,59
317,117
317,158
317,282
317,169
318,38
318,45
318,63
318,269
318,112
318,174
318,81
318,86
318,117
318,158
318,121
318,103
318,172
318,208
318,243
319,38
319,45
319,282
319,231
319,103
319,167
321,90
321,184
321,231
321,231
321,274
330,38
331,127
331,45
331,38
331,59
331,81
331,103
331,117
331,209
331,229
331,141
331,63
331,79
331,67
331,154
331,158
331,169
331,155
332,81
332,392
332,38
332,158
332,103
332,63
332,45
332,112
332,67
332,86
332,59
333,346
333,282
333,231
333,206
333,196
333,38
333,45
333,225
333,180
333,232
333,59
333,179
333,79
333,339
333,141
333,103
333,163
334,38
334,45
334,59
334,147
334,118
334,100
334,108
334,117
334,103
334,109
334,121
334,104
334,163
334,151
334,70
334,67
334,82
334,331
334,263
334,205
334,141
335,45
335,158
338,121
338,83
338,38
338,45
338,81
338,79
338,63
338,103
338,126
338,392
338,118
338,59
338,62
338,72
338,112
338,75
338,64
338,86
338,100
338,73
338,108
338,67
338,234
338,131
338,106
338,187
339,45
339,38
339,63
339,100
339,103
339,84
339,263
339,229
339,209
339,163
339,126
339,81
339,117
339,70
339,59
339,141
339,79
339,197
341,45
341,231
341,339
341,282
341,118
341,252
341,121
341,158
341,159
342,159
342,41
342,90
342,67
342,308
342,45
343,170
343,134
344,169
345,38
345,45
345,81
345,127
345,103
346,207
346,79
346,206
346,45
346,105
346,114
346,38
347,87
347,206
347,272
348,38
348,307
349,45
349,169
349,121
349,158
349,159
349,41
349,309
350,45
350,243
350,205
350,195
350,607
350,38
351,121
351,273
351,169
351,140
351,59
351,108
351,178
351,268
351,38
351,173
351,45
351,126
351,172
351,220
351,107
352,207
352,272
354,38
354,45
354,103
356,38
356,45
356,81
356,59
356,158
356,103
356,282
356,261
356,127
356,63
357,45
357,59
357,81
357,67
357,202
357,140
357,103
357,86
358,188
358,146
358,129
358,132
359,45
359,38
359,98
359,106
359,112
361,38
361,45
361,209
361,284
361,339
361,103
361,282
361,370
361,333
361,308
362,45
362,81
362,38
362,140
362,127
362,117
362,205
362,105
362,41
362,38
362,103
363,45
363,105
364,121
364,159
364,109
364,44
365,45
365,38
365,103
365,268
365,255
365,182
365,178
365,62
366,38
366,45
366,63
366,59
366,81
366,103
366,117
366,127
366,114
368,159
368,154
368,7
368,5
371,38
371,45
371,81
371,103
371,284
371,231
371,282
371,229
371,398
371,205
371,105
371,115
373,44
375,59
375,38
375,45
375,282
375,63
375,105
375,302
376,38
376,45
376,103
376,67
376,127
378,38
378,45
378,63
378,231
378,282
378,59
378,79
378,81
382,45
382,158
383,45
383,78
383,305
383,38
383,230
383,121
383,273
383,169
386,117
386,127
386,106
386,105
387,140
387,59
387,118
387,191
387,182
387,38
387,45
387,103
389,45
389,158
389,272
390,45
390,117
390,127
390,103
390,81
390,225
390,63
390,100
390,86
390,82
390,59
390,70
390,141
390,38
390,91
390,173
390,308
390,292
390,243
391,38
391,45
391,284
391,393
391,232
391,180
392,45
392,38
394,45
394,38
394,127
394,103
394,117
394,179
394,176
394,158
394,282
394,296
394,81
394,102
394,392
394,80
394,78
394,121
394,159
396,38
396,45
396,89
397,261
397,213
397,38
397,45
397,183
397,141
397,139
397,127
397,229
397,79
397,81
397,59
397,225
397,284
397,333
397,108
397,86
397,73
397,75
397,76
397,209
397,179
397,158
397,159
397,169
397,131
397,103
397,117
398,346
398,282
398,231
398,206
398,196
398,38
398,45
398,225
398,180
398,232
398,59
398,179
398,79
398,339
398,141
398,284
398,362
398,103
398,79
403,45
403,81
403,38
403,140
403,117
403,141
403,205
403,330
403,105
403,53
403,41
403,90
404,38
404,45
404,103
404,67
404,179
404,397
404,383
404,103
404,330
404,140
404,268
404,263
404,73
404,378
405,206
405,272
405,363
406,81
406,206
406,45
406,86
406,195
406,114
406,183
406,38
407,272
407,38
407,45
407,81
407,126
408,235
408,246
408,302
408,59
408,45
408,158
408,282
409,131
410,38
410,45
410,169
410,158
410,267
410,345
410,41
410,330
410,282
410,121
410,135
410,103
410,159
410,154
410,155
410,109
411,206
412,45
412,81
412,158
412,261
412,38
412,41
412,103
412,159
412,169
413,38
414,38
414,41
414,52
414,45
414,81
414,158
414,261
414,169
414,159
414,65
414,107
415,38
415,90
415,45
415,81
415,67
415,127
415,59
415,103
415,70
415,83
415,109
415,117
415,73
415,75
415,76
415,157
415,229
415,209
415,205
415,204
415,284
415,179
415,398
415,378
415,380
415,399
415,206
416,126
416,103
416,45
416,63
416,334
417,45
417,607
417,38
419,45
419,346
419,370
419,607
419,59
419,38
420,79
420,38
420,45
420,346
420,370
420,607
420,105
421,38
421,45
421,127
421,103
421,330
421,100
421,286
421,346
421,416
421,307
422,45
422,38
422,103
422,81
422,86
423,135
423,131
423,98
423,105
425,272
427,206
427,346
428,206
428,427
429,38
429,45
429,63
429,81
429,59
429,67
429,121
429,103
429,231
429,117
429,243
429,284
429,179
429,361
429,392
429,75
429,108
429,205
429,86
429,126
429,73
429,215
429,208
429,370
429,105
430,117
430,127
430,103
430,45
430,126
430,38
430,100
430,63
430,59
430,112
430,121
430,109
430,84
430,225
430,81
430,163
430,151
430,131
430,86
430,157
432,243
432,389
432,158
433,377
434,302
434,408
435,45
435,38
435,59
435,148
435,102
435,409
435,84
435,75
435,131
436,272
437,266
437,79
437,81
437,173
437,137
437,107
437,254
437,232
437,284
437,206
437,247
437,64
437,103
437,70
437,62
437,84
437,123
437,151
437,163
437,63
437,45
437,231
437,135
437,215
437,243
437,334
437,269
437,339
437,41
437,261
437,235
437,156
437,181
437,88
437,398
437,115
437,282
437,210
437,296
437,80
437,108
437,73
437,392
437,100
437,75
437,118
437,76
437,205
437,67
437,86
437,54
437,195
437,607
437,114
437,183
437,102
437,141
437,130
437,236
437,140
437,72
437,182
437,178
437,191
437,59
437,38
437,106
437,308
437,202
437,159
437,121
437,109
437,158
437,161
437,209
437,154
437,155
437,237
437,255
439,206
439,427
440,206
442,38
442,117
442,127
442,103
442,292
442,141
442,45
442,126
442,81
442,84
442,213
442,140
442,390
442,261
442,292
443,105
443,282
443,205
443,210
443,353
443,206
443,81
443,173
443,371
443,45
443,334
443,127
447,38
447,105
447,90
447,45
447,81
447,67
447,121
447,103
447,263
447,229
447,202
447,398
447,380
448,45
448,103
448,81
448,84
448,140
448,173
448,234
448,126
449,302
451,38
451,45
451,158
451,169
451,159
451,121
452,270
452,45
452,38
452,117
452,121
452,158
452,73
452,100
452,290
453,45
453,131
453,607
453,59
453,38
453,148
455,45
456,38
456,90
456,45
456,81
456,67
456,127
456,141
456,59
456,100
456,103
456,73
456,163
456,121
456,158
456,169
456,159
456,118
456,115
456,108
456,229
456,398
456,380
456,430
456,339
457,45
457,158
457,72
457,112
457,173
457,67
457,269
457,148
457,202
457,107
457,308
457,389
457,243
457,519
459,427
461,38
461,45
461,59
461,103
461,108
461,141
461,353
461,105
461,81
461,79
461,282
461,197
462,41
462,38
464,272
465,59
465,38
465,45
465,105
466,79
466,45
466,63
466,282
466,59
466,38
466,197
466,225
466,308
467,5
467,44
467,136
467,1
467,144
467,38
467,63
467,117
467,377
468,155
468,158
468,121
468,404
468,306
470,38
470,45
470,121
470,158
470,169
472,59
472,38
472,45
472,103
474,38
474,45
474,174
474,59
474,114
474,103
474,504
474,437
474,81
474,163
475,206
475,402
478,433
478,38
478,45
478,63
478,67
478,81
478,41
478,392
478,72
478,84
478,103
478,114
478,105
478,195
478,284
478,437
479,38
479,45
479,59
479,117
479,141
479,380
479,390
479,471
479,457
479,429
479,339
479,106
479,234
480,38
480,45
480,103
480,126
480,63
480,392
480,59
487,206
487,427
489,284
489,415
489,516
489,370
490,45
490,81
490,127
490,208
490,441
490,403
490,362
490,105
490,363
490,216
490,103
490,524
490,59
492,207
492,206
492,402
492,346
492,7
492,114
492,401
493,478
493,467
493,418
494,81
494,64
494,167
494,45
494,271
494,75
494,76
494,114
494,140
494,178
494,182
494,191
494,38
494,255
498,45
498,158
498,169
498,59
498,38
499,81
499,45
499,607
501,38
501,45
501,81
501,103
501,59
501,163
501,332
501,63
501,371
501,398
501,533
501,247
501,167
501,255
501,191
501,178
501,182
502,38
502,45
502,59
502,118
502,108
502,100
502,456
503,81
503,45
503,63
503,205
503,236
503,38
503,105
504,371
504,334
504,339
504,45
504,127
504,233
504,380
504,395
505,38
505,45
505,59
505,108
505,118
506,272
506,196
506,464
509,38
509,45
509,81
509,105
509,67
509,59
509,392
509,126
509,103
509,121
509,174
509,117
509,108
509,158
509,209
509,243
509,205
509,284
509,271
509,225
509,179
509,331
509,370
509,390
509,339
509,403
509,420
509,437
509,398
509,429
509,474
509,456
509,415
509,592
509,529
509,445
510,38
511,27
511,103
511,320
513,38
513,45
513,59
513,243
513,361
513,415
513,390
513,429
513,392
513,112
513,430
513,440
513,131
513,100
513,67
513,389
513,65
513,516
513,173
513,479
514,45
514,437
514,105
515,38
515,45
515,81
515,105
515,67
515,59
515,392
515,126
515,103
515,121
515,174
515,117
515,108
515,158
515,209
515,243
515,205
515,284
515,244
515,271
515,225
515,179
515,331
515,370
515,390
515,339
515,403
515,420
515,419
515,437
515,398
515,429
515,474
515,456
515,415
515,445
515,529
515,592
516,38
516,90
516,45
516,63
516,81
516,79
516,105
516,67
516,127
516,59
516,392
516,126
516,80
516,103
516,121
516,73
516,158
516,141
516,75
516,209
516,229
516,243
516,244
516,284
516,225
516,179
516,76
516,361
516,205
516,331
516,430
516,339
516,392
516,370
516,333
516,415
517,206
518,206
520,38
520,45
520,433
521,255
521,131
521,390
521,112
521,387
521,430
521,440
521,351
521,479
521,38
521,90
521,59
521,140
521,191
521,516
521,108
521,387
521,81
521,268
522,45
522,38
522,437
522,346
522,105
522,236
522,114
522,271
522,296
522,206
522,272
522,208
522,81
522,269
522,441
524,45
524,63
524,466
524,59
524,197
524,292
524,225
525,206
525,427
525,428
527,206
527,427
527,401
528,38
528,45
528,63
528,41
528,81
528,79
528,105
528,67
528,127
528,141
528,59
528,108
528,203
528,126
528,121
528,158
528,117
528,282
528,141
528,284
528,209
528,229
528,205
528,353
528,361
528,370
528,339
528,333
528,399
528,445
528,504
529,67
529,38
529,45
529,63
529,86
530,121
530,45
530,81
530,59
530,114
530,178
530,38
530,82
530,90
530,389
530,290
530,169
530,282
530,398
530,140
531,38
531,45
531,63
531,81
531,103
531,81
531,86
531,62
531,72
531,112
531,100
531,117
531,437
531,131
531,106
531,392
531,59
531,79
532,38
532,45
532,59
532,282
532,261
532,225
532,440
533,34
534,374
536,38
536,45
536,59
536,243
536,361
536,390
536,521
536,531
536,173
536,269
536,479
536,72
536,112
536,519
536,457
536,414
538,147
539,81
539,45
539,78
539,59
539,38
539,392
539,121
540,346
540,541
541,346
541,541
542,38
542,45
542,123
542,214
542,403
542,67
542,107
542,243
542,247
542,225
542,266
542,263
542,92
542,320
543,260
545,38
545,45
545,59
545,243
545,361
545,390
545,399
545,63
545,430
545,440
545,392
545,112
545,75
545,67
545,389
545,124
545,272
546,26
546,38
546,45
546,180
546,284
546,361
547,38
547,45
547,59
547,261
547,105
547,577
547,282
548,79
548,81
548,286
548,206
548,284
548,101
548,103
548,126
548,45
548,174
548,243
548,346
548,541
548,100
548,459
548,427
548,428
548,114
548,38
548,59
549,45
549,59
549,174
549,75
549,108
549,392
549,163
549,192
549,197
551,38
551,45
551,121
551,154
551,124
551,41
551,211
551,183
551,437
551,81
551,63
551,84
551,126
551,118
551,59
551,72
551,112
551,75
551,67
551,86
551,163
551,131
551,135
551,106
552,38
552,45
552,63
552,67
552,121
552,158
552,169
553,79
553,81
553,286
553,206
553,284
553,101
553,103
553,126
553,45
553,174
553,243
553,346
553,541
553,100
553,427
553,428
553,114
553,38
553,59
553,345
561,206
563,206
563,272
564,45
564,38
564,81
564,103
564,371
564,437
564,105
565,206
567,131
567,135
568,305
568,452
568,270
568,45
568,38
568,117
568,121
568,158
568,169
568,309
568,159
568,537
568,290
569,38
569,45
569,59
569,243
569,361
569,390
569,638
569,399
569,63
569,636
569,589
569,430
569,440
569,392
569,131
569,101
569,75
569,100
569,67
569,389
569,117
569,124
569,231
569,607
569,282
569,371
569,445
569,507
569,603
569,535
569,652
569,675
569,663
569,620
569,208
569,81
571,259
572,45
572,63
572,38
572,126
572,98
572,106
572,141
572,242
572,148
572,213
572,204
573,38
573,45
573,59
573,81
573,117
573,103
573,126
573,141
573,371
573,79
574,45
574,131
574,81
574,59
574,38
576,339
577,26
578,106
579,564
579,339
580,206
580,427
581,45
581,59
581,158
581,243
581,390
581,479
582,38
582,45
582,90
586,45
586,81
586,59
586,117
586,178
586,38
586,284
586,333
586,73
586,75
586,172
586,351
586,479
587,81
587,206
587,238
587,45
587,63
587,205
587,38
588,83
588,121
588,410
589,437
589,45
589,63
589,59
589,174
589,108
589,531
590,284
590,45
590,206
591,38
591,45
591,105
591,81
591,339
591,103
591,79
591,108
591,205
591,140
591,126
591,306
591,180
591,178
591,247
591,256
591,255
591,67
591,243
591,331
591,173
591,49
591,437
592,91
592,38
592,45
592,81
592,84
592,163
592,104
592,243
592,390
592,100
592,334
592,205
592,271
592,370
592,399
592,105
592,445
592,59
592,516
592,206
592,183
592,211
594,307
594,572
594,173
594,103
594,45
594,243
594,457
594,38
594,545
594,158
594,504
596,91
596,135
596,106
596,131
596,213
596,102
597,437
597,45
597,63
597,174
597,81
597,126
597,308
597,339
597,59
599,206
599,428
600,38
600,41
600,45
600,59
600,108
600,112
600,131
600,140
600,173
600,191
600,243
600,479
600,604
601,45
601,59
601,63
601,244
601,339
603,79
603,158
603,208
603,269
603,504
604,45
604,63
604,171
604,206
604,236
604,503
604,607
605,38
605,45
605,59
605,235
605,408
605,434
606,38
606,45
606,49
606,81
606,158
606,208
606,269
606,334
606,504
606,582
607,38
607,45
607,63
607,206
608,38
608,45
608,59
608,71
608,81
608,86
608,103
608,117
608,258
608,261
608,437
608,484
608,504
609,206
609,427
609,487
609,559
611,63
611,64
611,101
611,109
611,112
611,156
611,258
611,261
611,339
612,38
612,54
612,158
613,228
617,571
618,38
618,45
618,67
618,71
618,81
618,103
618,108
618,117
618,121
618,126
618,158
618,179
618,205
618,209
618,225
618,243
618,244
618,258
618,261
618,271
618,284
618,299
618,331
618,336
618,339
618,370
618,390
618,398
618,403
618,415
618,419
618,420
618,429
618,437
618,456
618,474
618,584
618,592
618,647
620,38
620,45
620,49
620,102
620,437
620,445
620,499
620,607
620,626
620,638
621,196
621,272
621,389
621,464
621,506
621,554
622,45
622,348
622,433
623,38
623,54
623,158
624,38
624,45
624,81
624,103
624,140
624,178
624,268
624,345
624,504
624,522
626,38
626,45
626,59
626,105
626,205
626,206
626,238
626,271
626,582
626,607
626,620
627,26
627,49
627,63
627,424
627,433
627,437
627,478
627,493
627,520
627,542
627,656
628,45
628,81
628,103
628,126
628,154
628,158
628,161
628,237
628,266
628,303
628,437
628,592
628,594
628,608
630,38
630,54
630,612
630,623
631,45
631,90
631,103
631,172
631,225
631,474
632,38
632,45
632,81
632,103
632,345
632,504
632,548
632,549
634,38
634,45
634,71
634,75
634,79
634,80
634,81
634,84
634,158
634,173
634,243
634,308
634,339
634,430
634,437
634,573
635,59
635,108
635,118
635,378
635,421
635,589
635,597
636,38
636,41
636,45
636,81
636,103
636,112
636,135
636,215
636,244
636,437
636,441
636,504
637,320
637,511
638,25
638,38
638,45
638,67
638,71
638,100
638,103
638,105
638,108
638,117
638,121
638,123
638,126
638,158
638,179
638,202
638,205
638,208
638,209
638,218
638,225
638,243
638,244
638,258
638,261
638,271
638,284
638,299
638,331
638,334
638,336
638,370
638,372
638,380
638,390
638,398
638,403
638,415
638,419
638,420
638,429
638,437
638,441
638,445
638,474
638,484
638,592
639,38
639,45
639,59
639,63
639,67
639,71
639,75
639,79
639,80
639,84
639,108
639,163
639,173
639,174
639,225
639,243
639,308
639,390
639,484
640,346
640,463
641,34
641,98
641,106
641,131
641,213
641,359
641,578
642,38
642,45
642,63
642,79
642,81
642,84
642,126
642,339
642,607
642,642
643,38
643,45
643,59
643,63
643,67
643,75
643,79
643,81
643,100
643,103
643,105
643,117
643,121
643,123
643,126
643,158
643,202
643,205
643,208
643,209
643,225
643,243
643,258
643,261
643,263
643,271
643,284
643,331
643,334
643,336
643,339
643,361
643,370
643,399
643,403
643,419
643,420
643,430
643,445
643,456
643,504
643,643
644,38
644,45
644,59
644,71
644,81
644,86
644,100
644,117
644,118
644,258
644,261
644,437
644,497
644,592
644,608
644,618
644,638
645,45
645,59
645,71
645,81
645,86
645,100
645,103
645,117
645,118
645,258
645,261
645,345
645,437
645,504
645,592
645,608
645,618
645,638
646,45
646,112
646,158
646,272
646,389
646,410
646,457
646,589
646,594
648,258
648,261
648,566
649,38
649,45
649,49
649,59
649,81
649,158
649,208
649,269
649,334
649,420
649,504
649,582
649,606
650,59
650,75
650,108
650,521
650,586
651,206
651,402
651,438
651,484
651,526
651,528
651,561
651,599
652,38
652,45
652,59
652,63
652,81
652,100
652,101
652,112
652,173
652,208
652,243
652,269
652,349
652,389
652,414
652,484
652,504
652,545
652,594
652,606
653,548
654,38
654,45
654,71
654,75
654,80
654,81
654,84
654,121
654,165
654,173
654,269
654,308
654,394
654,437
655,38
655,45
655,81
655,86
655,103
655,250
655,284
655,316
655,332
656,38
656,45
656,244
656,301
656,332
656,348
656,360
656,433
656,484
656,520
656,622
656,656
659,544
660,38
660,45
660,103
660,345
660,504
661,38
661,41
661,45
661,59
661,108
661,112
661,140
661,173
661,191
661,243
661,339
661,479
661,521
661,600
662,45
662,339
663,38
663,45
663,59
663,65
663,81
663,84
663,105
663,412
663,437
663,445
664,206
664,487
664,599
666,38
666,89
666,131
666,135
666,272
666,484
667,463
668,38
668,45
668,420
668,607
669,38
669,45
669,63
669,65
669,81
669,101
669,103
669,112
669,331
669,336
669,414
669,421
669,504
669,520
669,589
669,635
669,656
669,660
670,33
670,403
673,206
673,427
673,544
673,559
673,599
674,578
675,38
675,45
675,81
675,86
675,103
675,250
675,284
675,316
675,332
676,90
676,420
676,620
679,59
679,71
679,75
679,108
679,172
679,173
679,183
679,209
679,225
679,229
679,232
679,243
679,331
679,336
679,502
679,634
679,635
680,160
680,213
683,38
683,45
683,59
683,71
683,81
683,86
683,100
683,103
683,117
683,118
683,258
683,261
683,345
683,370
683,403
683,504
683,638
683,644
683,645
685,38
685,45
685,59
685,71
685,86
685,100
685,114
685,117
685,118
685,205
685,258
685,261
685,437
685,638
685,644
685,645
685,683
